Day,Date,Fassala-Mbera sim,Fassala-Mbera data,Fassala-Mbera error,Mentao sim,Mentao data,Mentao error,Bobo-Dioulasso sim,Bobo-Dioulasso data,Bobo-Dioulasso error,Abala sim,Abala data,Abala error,Mangaize sim,Mangaize data,Mangaize error,Niamey sim,Niamey data,Niamey error,Tabareybarey sim,Tabareybarey data,Tabareybarey error,Total error,refugees in camps (UNHCR),total refugees (simulation),raw UNHCR refugee count,refugees in camps (simulation),refugee_debt
0,2012-02-29,463,463,0.0,0,0,0.0,0,0,0.0,34,34,0.0,43,43,0.0,0,0,0.0,0,0,0.0,0.0,540,540,1543,540,0
1,2012-03-01,463,482,0.0394,0,0,0.0,0,0,0.0,34,34,0.0,43,43,0.0,0,0,0.0,0,0,0.0,0.012163892445582587,559,559,1562,540,0
2,2012-03-02,463,502,0.0777,0,0,0.0,0,0,0.0,34,34,0.0,43,43,0.0,0,0,0.0,0,0,0.0,0.02465233881163085,579,579,1582,540,0
3,2012-03-03,463,521,0.1113,0,0,0.0,0,0,0.0,34,33,0.0303,43,43,0.0,0,0,0.0,0,0,0.0,0.036875,597,597,1600,540,0
4,2012-03-04,465,540,0.1389,0,0,0.0,0,0,0.0,34,33,0.0303,43,43,0.0,0,0,0.0,0,0,0.0,0.04694255713403336,616,616,1619,542,0
5,2012-03-05,466,560,0.1679,0,0,0.0,0,0,0.0,34,33,0.0303,43,43,0.0,0,0,0.0,0,0,0.0,0.057962172056131786,636,636,1639,543,0
6,2012-03-06,468,579,0.1917,0,0,0.0,0,0,0.0,34,32,0.0625,43,43,0.0,0,0,0.0,0,0,0.0,0.06819553409776705,654,654,1657,545,0
7,2012-03-07,467,598,0.2191,0,0,0.0,0,0,0.0,34,32,0.0625,43,43,0.0,0,0,0.0,0,0,0.0,0.07935560859188544,673,673,1676,544,0
8,2012-03-08,467,626,0.254,0,0,0.0,0,0,0.0,34,32,0.0625,43,43,0.0,0,0,0.0,0,0,0.0,0.09448356807511737,701,701,1704,544,0
9,2012-03-09,466,653,0.2864,0,0,0.0,0,0,0.0,34,31,0.0968,43,43,0.0,0,0,0.0,0,0,0.0,0.10982658959537572,727,727,1730,543,0
10,2012-03-10,466,680,0.3147,0,0,0.0,0,0,0.0,34,31,0.0968,43,43,0.0,0,0,0.0,0,0,0.0,0.12350597609561753,754,754,1757,543,0
11,2012-03-11,468,707,0.338,0,0,0.0,0,0,0.0,34,31,0.0968,43,43,0.0,0,0,0.0,0,0,0.0,0.13565022421524664,781,781,1784,545,0
12,2012-03-12,471,734,0.3583,0,0,0.0,0,0,0.0,34,30,0.1333,43,43,0.0,0,0,0.0,0,0,0.0,0.14751381215469614,807,807,1810,548,0
13,2012-03-13,474,761,0.3771,0,0,0.0,0,0,0.0,34,30,0.1333,43,43,0.0,0,0,0.0,0,0,0.0,0.15841045182362548,834,834,1837,551,0
14,2012-03-14,478,789,0.3942,0,0,0.0,0,0,0.0,34,29,0.1724,43,43,0.0,0,0,0.0,0,0,0.0,0.16952789699570817,861,861,1864,555,0
15,2012-03-15,480,816,0.4118,0,0,0.0,0,0,0.0,34,29,0.1724,43,43,0.0,0,0,0.0,0,0,0.0,0.18032786885245902,888,888,1891,557,0
16,2012-03-16,485,843,0.4247,0,0,0.0,0,0,0.0,34,29,0.1724,43,43,0.0,0,0,0.0,0,0,0.0,0.18925964546402502,915,915,1918,562,0
17,2012-03-17,489,870,0.4379,0,0,0.0,0,0,0.0,34,28,0.2143,43,43,0.0,0,0,0.0,0,0,0.0,0.19907407407407407,941,941,1944,566,0
18,2012-03-18,495,897,0.4482,0,0,0.0,0,0,0.0,34,28,0.2143,43,43,0.0,0,0,0.0,0,0,0.0,0.2070015220700152,968,968,1971,572,0
19,2012-03-19,500,925,0.4595,0,0,0.0,0,0,0.0,34,28,0.2143,43,43,0.0,0,0,0.0,0,0,0.0,0.21560780390195097,996,996,1999,577,0
20,2012-03-20,502,952,0.4727,0,0,0.0,0,0,0.0,34,27,0.2593,43,43,0.0,0,0,0.0,0,0,0.0,0.22567901234567903,1022,1022,2025,579,0
21,2012-03-21,507,979,0.4821,0,0,0.0,0,0,0.0,34,27,0.2593,43,43,0.0,0,0,0.0,0,0,0.0,0.2334307992202729,1049,1049,2052,584,0
22,2012-03-22,510,1006,0.493,0,39,1.0,0,15,1.0,34,27,0.2593,43,43,0.0,0,0,0.0,0,0,0.0,0.2611345522737928,1130,1130,2133,587,0
23,2012-03-23,517,1033,0.4995,4,79,0.9494,3,31,0.9032,34,26,0.3077,43,43,0.0,0,0,0.0,0,0,0.0,0.2830699774266366,1212,1212,2215,601,0
24,2012-03-24,526,1060,0.5038,12,119,0.8992,4,47,0.9149,34,26,0.3077,43,43,0.0,0,0,0.0,0,0,0.0,0.30113141862489123,1295,1295,2298,619,0
25,2012-03-25,531,1088,0.5119,16,119,0.8655,8,47,0.8298,34,26,0.3077,43,43,0.0,0,0,0.0,0,0,0.0,0.3039552880481513,1323,1323,2326,632,0
26,2012-03-26,536,1115,0.5193,21,119,0.8235,13,47,0.7234,34,25,0.36,43,43,0.0,0,0,0.0,0,0,0.0,0.30612244897959184,1349,1349,2352,647,0
27,2012-03-27,537,1142,0.5298,26,119,0.7815,14,47,0.7021,34,25,0.36,41,43,0.0465,1,0,0.0,1,0,0.0,0.31273644388398486,1376,1376,2379,654,0
28,2012-03-28,542,1169,0.5364,29,119,0.7563,18,48,0.625,34,24,0.4167,41,43,0.0465,1,0,0.0,1,0,0.0,0.31629260182876145,1403,1403,2406,666,0
29,2012-03-29,553,1176,0.5298,33,119,0.7227,21,48,0.5625,34,24,0.4167,41,43,0.0465,1,0,0.0,1,0,0.0,0.31081641110650643,1410,1410,2413,684,0
30,2012-03-30,558,1183,0.5283,37,119,0.6891,25,48,0.4792,34,24,0.4167,41,43,0.0465,1,0,0.0,1,0,0.0,0.3074380165289256,1417,1417,2420,697,0
31,2012-03-31,562,1191,0.5281,41,119,0.6555,30,48,0.375,34,23,0.4783,41,43,0.0465,1,0,0.0,1,0,0.0,0.3049031726411207,1424,1424,2427,710,0
32,2012-04-01,569,1198,0.525,50,119,0.5798,35,48,0.2708,34,28,0.2143,41,44,0.0682,1,1,0.0,1,0,0.0,0.29537074969274885,1438,1438,2441,731,0
33,2012-04-02,575,1213,0.526,58,119,0.5126,36,48,0.25,47,34,0.3824,49,44,0.1136,2,3,0.3333,37,1,36.0,0.3107505070993915,1462,1462,2465,804,0
34,2012-04-03,584,1229,0.5248,73,119,0.3866,41,49,0.1633,51,39,0.3077,51,45,0.1333,2,5,0.6,52,2,25.0,0.30911280610196706,1488,1488,2491,854,0
35,2012-04-04,590,1244,0.5257,82,119,0.3109,44,49,0.102,51,44,0.1591,53,46,0.1522,2,7,0.7143,63,3,20.0,0.3081510934393638,1512,1512,2515,885,0
36,2012-04-05,598,1260,0.5254,93,119,0.2185,49,49,0.0,52,49,0.0612,57,47,0.2128,2,9,0.7778,70,4,16.5,0.3047244094488189,1537,1537,2540,921,0
37,2012-04-06,606,1275,0.5247,106,119,0.1092,56,49,0.1429,53,54,0.0185,58,48,0.2083,2,11,0.8182,80,5,15.0,0.30577223088923555,1561,1561,2564,961,0
38,2012-04-07,609,1291,0.5283,117,119,0.0168,63,49,0.2857,53,59,0.1017,59,49,0.2041,2,13,0.8462,91,6,14.1667,0.3128621089223638,1586,1586,2589,994,0
39,2012-04-08,618,1306,0.5268,123,119,0.0336,74,49,0.5102,55,64,0.1406,61,50,0.22,2,15,0.8667,99,7,13.1429,0.32223497895139686,1610,1610,2613,1032,0
40,2012-04-09,622,1322,0.5295,135,123,0.0976,76,49,0.551,57,69,0.1739,61,51,0.1961,2,17,0.8824,107,8,12.375,0.3311884935654807,1639,1639,2642,1060,0
41,2012-04-10,629,1337,0.5295,146,126,0.1587,82,50,0.64,60,74,0.1892,64,52,0.2308,2,19,0.8947,115,9,11.7778,0.3404494382022472,1667,1667,2670,1098,0
42,2012-04-11,634,1353,0.5314,155,130,0.1923,87,50,0.74,61,79,0.2278,65,53,0.2264,2,21,0.9048,128,10,11.8,0.3512412004446091,1696,1696,2699,1132,0
43,2012-04-12,642,1368,0.5307,162,133,0.218,95,50,0.9,63,84,0.25,65,53,0.2264,2,23,0.913,141,11,11.8182,0.36110091743119266,1722,1722,2725,1170,0
44,2012-04-13,647,1384,0.5325,167,137,0.219,97,50,0.94,65,89,0.2697,65,54,0.2037,2,25,0.92,150,12,11.5,0.36673928830791575,1751,1751,2754,1193,0
45,2012-04-14,653,1399,0.5332,176,140,0.2571,97,50,0.94,69,94,0.266,66,55,0.2,2,27,0.9259,160,13,11.3077,0.37288745055735345,1778,1778,2781,1223,0
46,2012-04-15,660,1415,0.5336,186,143,0.3007,97,50,0.94,69,99,0.303,66,56,0.1786,2,29,0.931,166,14,10.8571,0.3787824848700605,1806,1806,2809,1246,0
47,2012-04-16,667,1427,0.5326,194,147,0.3197,96,50,0.92,70,104,0.3269,69,57,0.2105,2,31,0.9355,175,15,10.6667,0.38390966831333806,1831,1831,2834,1273,0
48,2012-04-17,673,1439,0.5323,204,150,0.36,96,50,0.92,73,110,0.3364,69,58,0.1897,2,33,0.9394,182,16,10.375,0.3885974116824064,1856,1856,2859,1299,0
49,2012-04-18,682,1451,0.53,212,154,0.3766,96,51,0.8824,74,115,0.3565,70,59,0.1864,2,35,0.9429,185,17,9.8824,0.389948006932409,1882,1882,2885,1321,0
50,2012-04-19,685,1463,0.5318,223,157,0.4204,96,51,0.8824,77,120,0.3583,71,60,0.1833,2,37,0.9459,192,18,9.6667,0.39601237538673084,1906,1906,2909,1346,0
51,2012-04-20,693,1475,0.5302,238,161,0.4783,96,51,0.8824,80,125,0.36,75,61,0.2295,2,39,0.9487,198,19,9.4211,0.401840490797546,1931,1931,2934,1382,0
52,2012-04-21,698,1488,0.5309,249,164,0.5183,96,51,0.8824,80,130,0.3846,77,62,0.2419,2,41,0.9512,206,20,9.3,0.40892193308550184,1956,1956,2959,1408,0
53,2012-04-22,702,1500,0.532,259,168,0.5417,96,51,0.8824,82,135,0.3926,77,62,0.2419,2,43,0.9535,216,21,9.2857,0.41501843781428094,1980,1980,2983,1434,0
54,2012-04-23,704,1512,0.5344,270,171,0.5789,96,51,0.8824,84,140,0.4,79,63,0.254,2,45,0.9556,225,22,9.2273,0.42234785500498834,2004,2004,3007,1460,0
55,2012-04-24,708,1524,0.5354,274,175,0.5657,96,51,0.8824,87,145,0.4,80,64,0.25,2,47,0.9574,237,23,9.3043,0.42645118733509235,2029,2029,3032,1484,0
56,2012-04-25,715,1536,0.5345,280,178,0.573,96,52,0.8462,87,150,0.42,83,65,0.2769,2,48,0.9583,245,24,9.2083,0.43030104712041883,2053,2053,3056,1508,0
57,2012-04-26,723,1548,0.5329,286,182,0.5714,96,52,0.8462,89,155,0.4258,84,66,0.2727,2,50,0.96,257,25,9.28,0.4339500162284972,2078,2078,3081,1537,0
58,2012-04-27,730,1560,0.5321,293,185,0.5838,96,52,0.8462,90,160,0.4375,84,67,0.2537,3,52,0.9423,263,26,9.1154,0.4363929146537842,2102,2102,3105,1559,0
59,2012-04-28,735,1572,0.5324,296,188,0.5745,96,52,0.8462,94,165,0.4303,86,68,0.2647,3,54,0.9444,267,27,8.8889,0.4375199744327261,2126,2126,3129,1577,0
60,2012-04-29,741,1585,0.5325,310,192,0.6146,96,52,0.8462,95,170,0.4412,87,69,0.2609,3,56,0.9464,274,28,8.7857,0.44310618066561014,2152,2152,3155,1606,0
61,2012-04-30,745,1597,0.5335,314,195,0.6103,96,52,0.8462,97,175,0.4457,86,70,0.2286,4,58,0.931,281,29,8.6897,0.44510852469329976,2176,2176,3179,1623,0
62,2012-05-01,747,1609,0.5357,325,199,0.6332,95,52,0.8269,100,178,0.4382,86,70,0.2286,4,60,0.9333,292,30,8.7333,0.450796626054358,2198,2198,3201,1649,0
63,2012-05-02,752,1621,0.5361,332,202,0.6436,95,52,0.8269,101,180,0.4389,89,71,0.2535,4,62,0.9355,295,31,8.5161,0.45344506517690875,2219,2219,3222,1668,0
64,2012-05-03,766,1633,0.5309,339,206,0.6456,95,53,0.7925,101,182,0.4451,91,71,0.2817,4,64,0.9375,295,31,8.5161,0.45235892691951896,2240,2240,3243,1691,0
65,2012-05-04,773,1637,0.5278,339,209,0.622,95,53,0.7925,103,184,0.4402,93,72,0.2917,4,66,0.9394,295,32,8.2188,0.44932432432432434,2253,2253,3256,1702,0
66,2012-05-05,780,1641,0.5247,339,213,0.5915,95,53,0.7925,103,186,0.4462,95,72,0.3194,4,68,0.9412,294,33,7.9091,0.446619761394922,2266,2266,3269,1710,0
67,2012-05-06,786,1644,0.5219,339,216,0.5694,95,53,0.7925,107,189,0.4339,97,73,0.3288,4,70,0.9429,296,34,7.7059,0.44393662400975015,2279,2279,3282,1724,0
68,2012-05-07,790,1648,0.5206,338,220,0.5364,95,53,0.7925,109,191,0.4293,97,73,0.3288,4,72,0.9444,296,35,7.4571,0.4409711684370258,2292,2292,3295,1729,0
69,2012-05-08,798,1652,0.5169,338,223,0.5157,95,53,0.7925,110,193,0.4301,99,74,0.3378,4,74,0.9459,296,36,7.2222,0.43802902055622733,2305,2305,3308,1740,0
70,2012-05-09,806,1656,0.5133,338,227,0.489,95,53,0.7925,113,195,0.4205,100,74,0.3514,4,76,0.9474,296,37,7.0,0.4342065642878651,2318,2318,3321,1752,0
71,2012-05-10,812,1659,0.5105,338,230,0.4696,95,54,0.7593,116,197,0.4112,102,75,0.36,4,78,0.9487,296,38,6.7895,0.43071385722855426,2331,2331,3334,1763,0
72,2012-05-11,817,1663,0.5087,338,233,0.4506,95,54,0.7593,118,199,0.407,103,75,0.3733,4,80,0.95,296,39,6.5897,0.42857142857142855,2343,2343,3346,1771,0
73,2012-05-12,823,1667,0.5063,337,237,0.4219,95,54,0.7593,120,202,0.4059,106,75,0.4133,4,82,0.9512,296,40,6.4,0.4261904761904762,2357,2357,3360,1781,0
74,2012-05-13,828,1670,0.5042,337,240,0.4042,95,54,0.7593,123,204,0.3971,107,76,0.4079,4,84,0.9524,296,41,6.2195,0.42319098457888493,2369,2369,3372,1790,0
75,2012-05-14,833,1674,0.5024,336,244,0.377,95,54,0.7593,126,206,0.3883,109,76,0.4342,4,86,0.9535,295,42,6.0238,0.42008862629246674,2382,2382,3385,1798,0
76,2012-05-15,842,1678,0.4982,336,247,0.3603,95,54,0.7593,131,208,0.3702,110,77,0.4286,4,88,0.9545,295,43,5.8605,0.4155385520894644,2395,2395,3398,1813,0
77,2012-05-16,841,1682,0.5,335,251,0.3347,95,54,0.7593,130,210,0.381,111,77,0.4416,5,90,0.9444,294,44,5.6818,0.41483435942538843,2408,2408,3411,1811,0
78,2012-05-17,846,1685,0.4979,335,254,0.3189,95,55,0.7273,133,212,0.3726,114,78,0.4615,7,92,0.9239,296,45,5.5778,0.4120911214953271,2421,2421,3424,1826,0
79,2012-05-18,848,1689,0.4979,335,258,0.2984,95,55,0.7273,134,215,0.3767,114,78,0.4615,7,94,0.9255,296,46,5.4348,0.4107038976148924,2435,2435,3438,1829,0
80,2012-05-19,852,1693,0.4968,334,258,0.2946,95,55,0.7273,135,217,0.3779,115,79,0.4557,7,96,0.9271,296,47,5.2979,0.4098027842227378,2445,2445,3448,1834,0
81,2012-05-20,854,1696,0.4965,333,259,0.2857,95,55,0.7273,136,219,0.379,117,79,0.481,7,97,0.9278,296,48,5.1667,0.40943287037037035,2453,2453,3456,1838,0
82,2012-05-21,858,1700,0.4953,333,259,0.2857,95,55,0.7273,135,221,0.3891,117,80,0.4625,8,99,0.9192,296,49,5.0408,0.4088286208886324,2463,2463,3466,1842,0
83,2012-05-22,866,1704,0.4918,332,260,0.2769,95,55,0.7273,139,223,0.3767,116,80,0.45,8,101,0.9208,296,50,4.92,0.40535097813578824,2473,2473,3476,1852,0
84,2012-05-23,871,1708,0.49,332,260,0.2769,95,55,0.7273,142,226,0.3717,117,81,0.4444,8,103,0.9223,296,51,4.8039,0.40407226842558075,2484,2484,3487,1861,0
85,2012-05-24,874,1711,0.4892,332,261,0.272,95,55,0.7273,143,228,0.3728,117,81,0.4444,8,105,0.9238,295,52,4.6731,0.4030320366132723,2493,2493,3496,1864,0
86,2012-05-25,881,1715,0.4863,330,261,0.2644,95,56,0.6964,145,230,0.3696,119,82,0.4512,8,107,0.9252,294,53,4.5472,0.40034217279726264,2504,2504,3507,1872,0
87,2012-05-26,887,1719,0.484,329,262,0.2557,95,56,0.6964,150,232,0.3534,119,82,0.4512,8,109,0.9266,294,54,4.4444,0.3974978675007108,2514,2514,3517,1882,0
88,2012-05-27,889,1723,0.484,329,262,0.2557,95,56,0.6964,151,234,0.3547,122,83,0.4699,8,111,0.9279,294,55,4.3455,0.3980720158775163,2524,2524,3527,1888,0
89,2012-05-28,896,1726,0.4809,329,263,0.251,95,56,0.6964,156,236,0.339,122,83,0.4699,8,113,0.9292,294,56,4.25,0.395079185520362,2533,2533,3536,1900,0
90,2012-05-29,900,1730,0.4798,328,263,0.2471,95,56,0.6964,160,239,0.3305,122,84,0.4524,8,115,0.9304,294,57,4.1579,0.39329010431350436,2544,2544,3547,1907,0
91,2012-05-30,902,1734,0.4798,328,264,0.2424,95,56,0.6964,165,241,0.3154,122,84,0.4524,8,117,0.9316,294,58,4.069,0.3919032892887265,2554,2554,3557,1914,0
92,2012-05-31,910,1737,0.4761,328,264,0.2424,95,56,0.6964,172,243,0.2922,122,85,0.4353,8,119,0.9328,294,59,3.9831,0.3881099270891755,2563,2563,3566,1929,0
93,2012-06-01,917,1741,0.4733,328,265,0.2377,95,57,0.6667,178,245,0.2735,122,85,0.4353,9,121,0.9256,294,60,3.9,0.3844003354766564,2574,2574,3577,1943,0
94,2012-06-02,919,1745,0.4734,328,265,0.2377,95,57,0.6667,183,247,0.2591,122,86,0.4186,9,123,0.9268,296,61,3.8525,0.3836074714245888,2584,2584,3587,1952,0
95,2012-06-03,925,1749,0.4711,328,266,0.2331,95,57,0.6667,190,250,0.24,122,86,0.4186,10,125,0.92,297,62,3.7903,0.3807670928293496,2595,2595,3598,1967,0
96,2012-06-04,940,1757,0.465,328,266,0.2331,95,57,0.6667,193,252,0.2341,122,87,0.4023,10,127,0.9213,297,62,3.7903,0.37745776793132096,2608,2608,3611,1985,0
97,2012-06-05,944,1766,0.4655,328,267,0.2285,95,57,0.6667,194,254,0.2362,122,87,0.4023,11,129,0.9147,296,63,3.6984,0.37699944842801986,2623,2623,3626,1990,0
98,2012-06-06,948,1774,0.4656,327,267,0.2247,95,57,0.6667,198,256,0.2266,123,87,0.4138,12,131,0.9084,296,64,3.625,0.3762022533663094,2636,2636,3639,1999,0
99,2012-06-07,952,1783,0.4661,330,268,0.2313,95,57,0.6667,202,258,0.2171,123,88,0.3977,12,133,0.9098,296,65,3.5538,0.3759233926128591,2652,2652,3655,2010,0
100,2012-06-08,957,1792,0.466,334,269,0.2416,95,58,0.6379,206,260,0.2077,122,88,0.3864,13,135,0.9037,296,66,3.4848,0.3751021520021792,2668,2668,3671,2023,0
101,2012-06-09,966,1800,0.4633,333,269,0.2379,95,58,0.6379,211,263,0.1977,122,89,0.3708,13,137,0.9051,295,67,3.403,0.37221920781334783,2683,2683,3686,2035,0
102,2012-06-10,973,1809,0.4621,333,270,0.2333,95,58,0.6379,217,265,0.1811,122,89,0.3708,13,139,0.9065,295,68,3.3382,0.3701702242637125,2698,2698,3701,2048,0
103,2012-06-11,979,1817,0.4612,333,270,0.2333,95,58,0.6379,223,267,0.1648,122,90,0.3556,13,141,0.9078,294,69,3.2609,0.3679676985195155,2712,2712,3715,2059,0
104,2012-06-12,982,1826,0.4622,333,271,0.2288,95,58,0.6379,227,269,0.1561,122,90,0.3556,14,143,0.9021,294,70,3.2,0.3672922252010724,2727,2727,3730,2067,0
105,2012-06-13,989,1835,0.461,333,271,0.2288,95,58,0.6379,231,271,0.1476,122,91,0.3407,15,145,0.8966,294,71,3.1408,0.36555407209612817,2742,2742,3745,2079,0
106,2012-06-14,1000,1843,0.4574,333,272,0.2243,95,58,0.6379,235,274,0.1423,122,91,0.3407,16,146,0.8904,298,72,3.1389,0.3636605480180899,2756,2756,3759,2099,0
107,2012-06-15,1007,1852,0.4563,332,272,0.2206,94,58,0.6207,240,276,0.1304,122,92,0.3261,17,148,0.8851,298,73,3.0822,0.3611552729199788,2771,2771,3774,2110,0
108,2012-06-16,1011,1860,0.4565,332,273,0.2161,94,59,0.5932,244,278,0.1223,122,92,0.3261,17,150,0.8867,298,74,3.027,0.35998944312483505,2786,2786,3789,2118,0
109,2012-06-17,1016,1869,0.4564,332,273,0.2161,94,59,0.5932,252,280,0.1,122,93,0.3118,17,152,0.8882,298,75,2.9733,0.3580441640378549,2801,2801,3804,2131,0
110,2012-06-18,1021,1878,0.4563,332,274,0.2117,94,59,0.5932,257,282,0.0887,122,93,0.3118,17,154,0.8896,298,76,2.9211,0.35689971196648335,2816,2816,3819,2141,0
111,2012-06-19,1027,1886,0.4555,332,274,0.2117,94,59,0.5932,261,284,0.081,122,94,0.2979,18,156,0.8846,298,77,2.8701,0.35533524654317766,2830,2830,3833,2152,0
112,2012-06-20,1031,1895,0.4559,332,275,0.2073,94,59,0.5932,266,287,0.0732,122,94,0.2979,17,158,0.8924,298,78,2.8205,0.35489737594180304,2846,2846,3849,2160,0
113,2012-06-21,1041,1903,0.453,332,275,0.2073,94,59,0.5932,267,289,0.0761,121,95,0.2737,18,160,0.8875,298,79,2.7722,0.35283458451980326,2860,2860,3863,2171,0
114,2012-06-22,1043,1912,0.4545,332,276,0.2029,94,59,0.5932,274,291,0.0584,120,95,0.2632,17,162,0.8951,297,80,2.7125,0.3517276946879835,2875,2875,3878,2177,0
115,2012-06-23,1053,1921,0.4518,332,276,0.2029,94,60,0.5667,278,293,0.0512,120,96,0.25,17,164,0.8963,297,81,2.6667,0.3492552645095018,2891,2891,3894,2191,0
116,2012-06-24,1060,1929,0.4505,332,277,0.1986,94,60,0.5667,280,295,0.0508,121,96,0.2604,18,166,0.8916,297,82,2.622,0.3482599795291709,2905,2905,3908,2202,0
117,2012-06-25,1061,1951,0.4562,332,277,0.1986,94,60,0.5667,286,297,0.037,121,97,0.2474,18,168,0.8929,297,83,2.5783,0.35010162601626016,2933,2933,3936,2209,0
118,2012-06-26,1068,1973,0.4587,332,278,0.1942,94,60,0.5667,290,300,0.0333,122,97,0.2577,19,170,0.8882,295,84,2.5119,0.3505674653215637,2962,2962,3965,2220,0
119,2012-06-27,1079,1994,0.4589,332,278,0.1942,94,60,0.5667,296,302,0.0199,122,98,0.2449,19,172,0.8895,295,85,2.4706,0.3496993987975952,2989,2989,3992,2237,0
120,2012-06-28,1084,2016,0.4623,332,279,0.19,94,60,0.5667,307,304,0.0099,124,98,0.2653,20,174,0.8851,295,86,2.4302,0.3509950248756219,3017,3017,4020,2256,0
121,2012-06-29,1090,2038,0.4652,332,279,0.19,94,60,0.5667,313,306,0.0229,124,99,0.2525,20,176,0.8864,294,87,2.3793,0.3532608695652174,3045,3045,4048,2267,0
122,2012-06-30,1098,2059,0.4667,331,280,0.1821,94,60,0.5667,320,308,0.039,124,99,0.2525,22,178,0.8764,299,88,2.3977,0.3558282208588957,3072,3072,4075,2288,0
123,2012-07-01,1102,2081,0.4704,330,280,0.1786,94,61,0.541,330,312,0.0577,124,100,0.24,22,189,0.8836,299,88,2.3977,0.3602333495381624,3111,3111,4114,2301,0
124,2012-07-02,1108,2103,0.4731,330,281,0.1744,94,61,0.541,336,315,0.0667,123,101,0.2178,23,201,0.8856,299,88,2.3977,0.36335179388393934,3150,3150,4153,2313,0
125,2012-07-03,1118,2125,0.4739,329,281,0.1708,94,61,0.541,349,319,0.094,123,102,0.2059,23,212,0.8915,299,88,2.3977,0.36721546170365066,3188,3188,4191,2335,0
126,2012-07-04,1128,2146,0.4744,329,282,0.1667,94,61,0.541,361,323,0.1176,123,103,0.1942,23,224,0.8973,299,88,2.3977,0.3706855791962175,3227,3227,4230,2357,0
127,2012-07-05,1136,2168,0.476,328,282,0.1631,94,61,0.541,377,326,0.1564,123,104,0.1827,23,235,0.9021,298,88,2.3864,0.3756737754862901,3264,3264,4267,2379,0
128,2012-07-06,1146,2190,0.4767,327,283,0.1555,94,61,0.541,385,330,0.1667,123,106,0.1604,23,247,0.9069,298,88,2.3864,0.377669452181987,3305,3305,4308,2396,0
129,2012-07-07,1155,2211,0.4776,333,283,0.1767,94,61,0.541,398,333,0.1952,123,107,0.1495,23,258,0.9109,298,88,2.3864,0.38328729281767954,3341,3341,4344,2424,0
130,2012-07-08,1160,2233,0.4805,340,284,0.1972,94,62,0.5161,410,337,0.2166,123,108,0.1389,24,270,0.9111,298,88,2.3864,0.3888255416191562,3382,3382,4385,2449,0
131,2012-07-09,1173,2255,0.4798,337,285,0.1825,94,62,0.5161,428,340,0.2588,123,109,0.1284,24,281,0.9146,298,88,2.3864,0.392267691612028,3420,3420,4423,2477,0
132,2012-07-10,1183,2277,0.4805,337,285,0.1825,94,62,0.5161,443,344,0.2878,123,110,0.1182,24,293,0.9181,298,95,2.1368,0.39427164913850976,3466,3466,4469,2502,0
133,2012-07-11,1198,2298,0.4787,336,286,0.1748,94,62,0.5161,461,347,0.3285,123,111,0.1081,24,304,0.9211,298,102,1.9216,0.39530245956126747,3510,3510,4513,2534,0
134,2012-07-12,1204,2320,0.481,336,286,0.1748,94,62,0.5161,475,351,0.3533,123,112,0.0982,24,316,0.9241,298,110,1.7091,0.3975877192982456,3557,3557,4560,2554,0
135,2012-07-13,1211,2342,0.4829,336,287,0.1707,94,62,0.5161,494,352,0.4034,123,113,0.0885,24,316,0.9241,298,117,1.547,0.4000435540069686,3589,3589,4592,2580,0
136,2012-07-14,1218,2363,0.4846,335,287,0.1672,94,62,0.5161,501,352,0.4233,123,114,0.0789,25,316,0.9209,298,124,1.4032,0.39991343864964296,3618,3618,4621,2594,0
137,2012-07-15,1229,2385,0.4847,334,288,0.1597,94,63,0.4921,513,353,0.4533,123,115,0.0696,25,316,0.9209,298,132,1.2576,0.399140708915145,3652,3652,4655,2616,0
138,2012-07-16,1241,2385,0.4797,334,288,0.1597,93,63,0.4762,513,354,0.4492,123,116,0.0603,25,316,0.9209,297,139,1.1367,0.3934391080617496,3661,3661,4664,2626,0
139,2012-07-17,1255,2385,0.4738,334,289,0.1557,93,63,0.4762,513,355,0.4451,123,118,0.0424,25,316,0.9209,297,146,1.0342,0.3871657754010695,3672,3672,4675,2640,0
140,2012-07-18,1264,2396,0.4725,333,289,0.1522,93,63,0.4762,513,356,0.441,123,119,0.0336,25,316,0.9209,297,154,0.9286,0.38351788756388416,3693,3693,4696,2648,0
141,2012-07-19,1272,2406,0.4713,333,290,0.1483,93,63,0.4762,513,357,0.437,123,120,0.025,25,316,0.9209,296,161,0.8385,0.3799830364715861,3713,3713,4716,2655,0
142,2012-07-20,1285,2417,0.4683,333,290,0.1483,92,63,0.4603,513,357,0.437,123,121,0.0165,25,316,0.9209,296,168,0.7619,0.3761351636747624,3732,3732,4735,2667,0
143,2012-07-21,1300,2427,0.4644,333,291,0.1443,92,63,0.4603,513,358,0.433,122,122,0.0,25,316,0.9209,296,176,0.6818,0.3708999158957107,3753,3753,4756,2681,0
144,2012-07-22,1309,2438,0.4631,333,291,0.1443,92,63,0.4603,513,359,0.429,122,124,0.0161,25,316,0.9209,295,189,0.5608,0.3665063767509931,3780,3780,4783,2689,0
145,2012-07-23,1315,2449,0.463,333,292,0.1404,92,64,0.4375,512,360,0.4222,122,125,0.024,25,316,0.9209,294,202,0.4554,0.3618790272292663,3808,3808,4811,2693,0
146,2012-07-24,1327,2459,0.4603,333,292,0.1404,92,64,0.4375,512,361,0.4183,122,126,0.0317,25,316,0.9209,294,215,0.3674,0.35690653432588915,3833,3833,4836,2705,0
147,2012-07-25,1342,2470,0.4567,333,293,0.1365,92,64,0.4375,510,361,0.4127,122,128,0.0469,26,316,0.9177,294,228,0.2895,0.35101789019123997,3860,3860,4863,2719,0
148,2012-07-26,1351,2480,0.4552,333,293,0.1365,92,64,0.4375,509,362,0.4061,122,129,0.0543,26,316,0.9177,294,241,0.2199,0.3465630114566285,3885,3885,4888,2727,0
149,2012-07-27,1362,2491,0.4532,333,293,0.1365,92,64,0.4375,509,363,0.4022,122,130,0.0615,26,316,0.9177,294,244,0.2049,0.3448205546492659,3901,3901,4904,2738,0
150,2012-07-28,1371,2502,0.452,333,293,0.1365,91,64,0.4219,509,364,0.3984,122,132,0.0758,26,316,0.9177,294,247,0.1903,0.3434261328998171,3918,3918,4921,2746,0
151,2012-07-29,1377,2512,0.4518,333,293,0.1365,92,64,0.4375,509,365,0.3945,122,133,0.0827,26,316,0.9177,294,250,0.176,0.3427876823338736,3933,3933,4936,2753,0
152,2012-07-30,1387,2512,0.4479,333,293,0.1365,98,64,0.5312,509,366,0.3907,122,134,0.0896,26,316,0.9177,294,253,0.1621,0.3410240841934831,3938,3938,4941,2769,0
153,2012-07-31,1395,2512,0.4447,333,293,0.1365,98,64,0.5312,509,366,0.3907,122,147,0.1701,26,316,0.9177,294,256,0.1484,0.3403268105709098,3954,3954,4957,2777,0
154,2012-08-01,1406,2512,0.4403,333,293,0.1365,98,64,0.5312,509,367,0.3869,122,147,0.1701,26,316,0.9177,294,260,0.1308,0.33675937122128174,3959,3959,4962,2788,0
155,2012-08-02,1420,2512,0.4347,333,293,0.1365,98,64,0.5312,509,367,0.3869,122,146,0.1644,27,316,0.9146,307,263,0.1673,0.3354149879129734,3961,3961,4964,2816,0
156,2012-08-03,1427,2529,0.4357,333,293,0.1365,98,64,0.5312,512,368,0.3913,122,146,0.1644,28,316,0.9114,312,266,0.1729,0.3366098294884654,3982,3982,4985,2832,0
157,2012-08-04,1439,2547,0.435,333,293,0.1365,98,64,0.5312,510,368,0.3859,122,146,0.1644,28,316,0.9114,312,269,0.1599,0.3353975229724331,4003,4003,5006,2842,0
158,2012-08-05,1448,2564,0.4353,332,293,0.1331,97,64,0.5156,510,369,0.3821,122,145,0.1586,28,316,0.9114,312,272,0.1471,0.3342618384401114,4023,4023,5026,2849,0
159,2012-08-06,1462,2577,0.4327,332,293,0.1331,97,64,0.5156,510,369,0.3821,124,145,0.1448,28,316,0.9114,311,275,0.1309,0.33181277270924237,4039,4039,5042,2864,0
160,2012-08-07,1476,2589,0.4299,332,293,0.1331,97,64,0.5156,510,370,0.3784,124,145,0.1448,28,316,0.9114,311,276,0.1268,0.33010284810126583,4053,4053,5056,2878,0
161,2012-08-08,1489,2602,0.4277,332,293,0.1331,97,64,0.5156,509,370,0.3757,123,146,0.1575,29,316,0.9082,311,275,0.1309,0.32945354113237324,4066,4066,5069,2890,0
162,2012-08-09,1506,2615,0.4241,332,293,0.1331,97,64,0.5156,512,371,0.3801,122,147,0.1701,29,316,0.9082,311,274,0.135,0.3287428683848121,4080,4080,5083,2909,0
163,2012-08-10,1518,2628,0.4224,332,293,0.1331,96,64,0.5,510,372,0.371,122,147,0.1701,29,316,0.9082,311,273,0.1392,0.32751177394034536,4093,4093,5096,2918,0
164,2012-08-11,1535,2641,0.4188,332,293,0.1331,96,64,0.5,510,372,0.371,122,148,0.1757,29,316,0.9082,311,271,0.1476,0.3265465935787001,4105,4105,5108,2935,0
165,2012-08-12,1553,2653,0.4146,332,293,0.1331,96,64,0.5,509,373,0.3646,122,148,0.1757,30,316,0.9051,311,270,0.1519,0.32421875,4117,4117,5120,2953,0
166,2012-08-13,1575,2660,0.4079,332,293,0.1331,96,64,0.5,509,373,0.3646,122,149,0.1812,30,316,0.9051,311,269,0.1561,0.32124049151550615,4124,4124,5127,2975,0
167,2012-08-14,1591,2667,0.4034,332,293,0.1331,96,64,0.5,509,374,0.361,122,150,0.1867,30,316,0.9051,311,270,0.1519,0.31866848355071054,4134,4134,5137,2991,0
168,2012-08-15,1594,2674,0.4039,332,293,0.1331,96,64,0.5,509,374,0.361,122,150,0.1867,30,316,0.9051,310,271,0.1439,0.3185617103984451,4142,4142,5145,2993,0
169,2012-08-16,1605,2681,0.4013,332,293,0.1331,96,64,0.5,509,375,0.3573,122,151,0.1921,30,316,0.9051,310,272,0.1397,0.3169738118331717,4152,4152,5155,3004,0
170,2012-08-17,1619,2687,0.3975,332,293,0.1331,96,64,0.5,509,375,0.3573,122,151,0.1921,31,316,0.9019,310,274,0.1314,0.3143521208599651,4160,4160,5163,3019,0
171,2012-08-18,1626,2694,0.3964,332,293,0.1331,95,64,0.4844,509,376,0.3537,122,151,0.1921,31,316,0.9019,310,275,0.1273,0.31322505800464034,4169,4169,5172,3025,0
172,2012-08-19,1646,2701,0.3906,332,293,0.1331,95,64,0.4844,509,376,0.3537,122,152,0.1974,32,316,0.8987,309,276,0.1196,0.30978575564562827,4178,4178,5181,3045,0
173,2012-08-20,1662,2701,0.3847,332,293,0.1331,95,64,0.4844,509,377,0.3501,122,152,0.1974,32,316,0.8987,308,277,0.1119,0.30600038587690526,4180,4180,5183,3060,0
174,2012-08-21,1679,2701,0.3784,332,293,0.1331,94,64,0.4688,509,377,0.3501,122,152,0.1974,32,316,0.8987,308,278,0.1079,0.30227623456790126,4181,4181,5184,3076,0
175,2012-08-22,1687,2701,0.3754,332,293,0.1331,94,64,0.4688,509,380,0.3395,122,152,0.1974,33,316,0.8956,307,280,0.0964,0.2990942378107535,4186,4186,5189,3084,0
176,2012-08-23,1700,2701,0.3706,332,293,0.1331,94,64,0.4688,509,382,0.3325,123,152,0.1908,35,316,0.8892,306,281,0.089,0.2950693374422188,4189,4189,5192,3099,0
177,2012-08-24,1718,2701,0.3639,332,293,0.1331,94,64,0.4688,509,384,0.3255,123,152,0.1908,35,316,0.8892,306,282,0.0851,0.2908565928777671,4192,4192,5195,3117,0
178,2012-08-25,1732,2701,0.3588,332,293,0.1331,94,64,0.4688,509,386,0.3187,123,152,0.1908,35,316,0.8892,306,283,0.0813,0.28741823778376296,4195,4195,5198,3131,0
179,2012-08-26,1746,2701,0.3536,332,293,0.1331,94,64,0.4688,509,388,0.3119,123,152,0.1908,35,316,0.8892,305,284,0.0739,0.28379157854258796,4198,4198,5201,3144,0
180,2012-08-27,1756,2701,0.3499,332,293,0.1331,93,65,0.4308,509,390,0.3051,123,152,0.1908,35,316,0.8892,305,285,0.0702,0.2806916426512968,4202,4202,5205,3153,0
181,2012-08-28,1772,2701,0.3439,332,293,0.1331,93,65,0.4308,509,393,0.2952,123,152,0.1908,35,316,0.8892,305,285,0.0702,0.2768817204301075,4205,4205,5208,3169,0
182,2012-08-29,1788,2701,0.338,332,293,0.1331,93,65,0.4308,509,395,0.2886,123,152,0.1908,35,316,0.8892,305,285,0.0702,0.27332053742802304,4207,4207,5210,3185,0
183,2012-08-30,1794,2701,0.3358,332,293,0.1331,93,65,0.4308,509,397,0.2821,123,152,0.1908,39,316,0.8766,303,285,0.0632,0.2705295471987721,4209,4209,5212,3193,0
184,2012-08-31,1805,2701,0.3317,331,293,0.1297,93,65,0.4308,509,399,0.2757,123,152,0.1908,39,316,0.8766,303,286,0.0594,0.26749760306807285,4212,4212,5215,3203,0
185,2012-09-01,1817,2701,0.3273,331,293,0.1297,93,65,0.4308,509,401,0.2693,123,153,0.1961,39,316,0.8766,303,286,0.0594,0.2648524338827137,4215,4215,5218,3215,0
186,2012-09-02,1827,2701,0.3236,331,293,0.1297,93,65,0.4308,511,403,0.268,123,153,0.1961,39,316,0.8766,303,286,0.0594,0.2628352490421456,4217,4217,5220,3227,0
187,2012-09-03,1841,2701,0.3184,331,293,0.1297,93,65,0.4308,510,405,0.2593,123,153,0.1961,40,316,0.8734,303,286,0.0594,0.2592876292608196,4219,4219,5222,3241,0
188,2012-09-04,1857,2701,0.3125,331,293,0.1297,93,65,0.4308,510,408,0.25,123,153,0.1961,41,316,0.8703,302,286,0.0559,0.25511961722488036,4222,4222,5225,3257,0
189,2012-09-05,1871,2701,0.3073,331,293,0.1297,93,65,0.4308,510,410,0.2439,123,153,0.1961,41,316,0.8703,302,286,0.0559,0.25196097187679356,4224,4224,5227,3271,0
190,2012-09-06,1886,2701,0.3017,330,293,0.1263,93,65,0.4308,510,411,0.2409,123,154,0.2013,41,316,0.8703,301,286,0.0524,0.24861350162554982,4226,4226,5229,3284,0
191,2012-09-07,1897,2701,0.2977,330,293,0.1263,93,65,0.4308,510,413,0.2349,123,154,0.2013,41,316,0.8703,300,286,0.049,0.2458420952016823,4228,4228,5231,3294,0
192,2012-09-08,1909,2701,0.2932,330,293,0.1263,92,65,0.4154,510,415,0.2289,123,154,0.2013,41,316,0.8703,300,286,0.049,0.24288171221096885,4230,4230,5233,3305,0
193,2012-09-09,1921,2701,0.2888,330,293,0.1263,92,65,0.4154,509,417,0.2206,123,155,0.2065,41,316,0.8703,300,286,0.049,0.24006875477463713,4233,4233,5236,3316,0
194,2012-09-10,1929,2701,0.2858,330,293,0.1263,92,65,0.4154,509,419,0.2148,123,155,0.2065,41,316,0.8703,300,286,0.049,0.2380679648720886,4235,4235,5238,3324,0
195,2012-09-11,1939,2701,0.2821,329,293,0.1229,92,65,0.4154,508,421,0.2067,123,156,0.2115,41,316,0.8703,300,286,0.049,0.2354512497614959,4238,4238,5241,3332,0
196,2012-09-12,1950,2701,0.278,329,293,0.1229,92,65,0.4154,520,423,0.2293,123,156,0.2115,42,316,0.8671,299,286,0.0455,0.23478924279992372,4240,4240,5243,3355,0
197,2012-09-13,1961,2701,0.274,329,293,0.1229,92,65,0.4154,520,424,0.2264,123,156,0.2115,42,316,0.8671,298,286,0.042,0.2322654462242563,4241,4241,5244,3365,0
198,2012-09-14,1966,2701,0.2721,329,293,0.1229,92,65,0.4154,520,428,0.215,123,157,0.2166,42,316,0.8671,298,286,0.042,0.23052009906648885,4246,4246,5249,3370,0
199,2012-09-15,1976,2701,0.2684,329,293,0.1229,92,65,0.4154,520,432,0.2037,123,157,0.2166,42,316,0.8671,298,286,0.042,0.22767942128307633,4250,4250,5253,3380,0
200,2012-09-16,1987,2701,0.2643,329,293,0.1229,92,65,0.4154,520,436,0.1927,123,157,0.2166,42,316,0.8671,298,286,0.042,0.2246528438272779,4254,4254,5257,3391,0
201,2012-09-17,2002,2701,0.2588,329,293,0.1229,92,65,0.4154,519,440,0.1795,123,157,0.2166,43,316,0.8639,298,286,0.042,0.22049040106443643,4258,4258,5261,3406,0
202,2012-09-18,2016,2701,0.2536,329,293,0.1229,92,65,0.4154,519,443,0.1716,123,158,0.2215,43,316,0.8639,298,286,0.042,0.21728395061728395,4262,4262,5265,3420,0
203,2012-09-19,2021,2701,0.2518,328,293,0.1195,92,65,0.4154,519,447,0.1611,123,158,0.2215,43,316,0.8639,298,286,0.042,0.21522110457392293,4266,4266,5269,3424,0
204,2012-09-20,2033,2701,0.2473,328,293,0.1195,91,65,0.4,519,451,0.1508,122,158,0.2278,43,316,0.8639,298,286,0.042,0.2120235160250332,4270,4270,5273,3434,0
205,2012-09-21,2044,2701,0.2432,327,293,0.116,91,65,0.4,519,455,0.1407,122,158,0.2278,43,316,0.8639,298,286,0.042,0.20883077506158804,4274,4274,5277,3444,0
206,2012-09-22,2053,2701,0.2399,330,293,0.1263,102,65,0.5692,519,459,0.1307,122,159,0.2327,43,316,0.8639,298,286,0.042,0.20901173797803863,4279,4279,5282,3467,0
207,2012-09-23,2061,2701,0.2369,333,293,0.1365,110,65,0.6923,519,462,0.1234,122,159,0.2327,43,316,0.8639,298,286,0.042,0.2088930936613056,4282,4282,5285,3486,0
208,2012-09-24,2075,2701,0.2318,333,293,0.1365,110,65,0.6923,518,466,0.1116,122,159,0.2327,44,316,0.8608,298,286,0.042,0.20495367744375118,4286,4286,5289,3500,0
209,2012-09-25,2082,2701,0.2292,333,293,0.1365,110,65,0.6923,518,470,0.1021,122,159,0.2327,45,316,0.8576,297,286,0.0385,0.20234271679576799,4290,4290,5293,3507,0
210,2012-09-26,2094,2701,0.2247,333,293,0.1365,110,65,0.6923,518,474,0.0928,122,160,0.2375,45,316,0.8576,297,286,0.0385,0.19932049830124576,4295,4295,5298,3519,0
211,2012-09-27,2103,2701,0.2214,333,293,0.1365,110,65,0.6923,516,477,0.0818,122,160,0.2375,46,316,0.8544,297,286,0.0385,0.19637804187889077,4298,4298,5301,3527,0
212,2012-09-28,2113,2701,0.2177,332,293,0.1331,110,65,0.6923,516,482,0.0705,122,160,0.2375,47,316,0.8513,296,287,0.0314,0.19257584322592802,4304,4304,5307,3536,0
213,2012-09-29,2128,2701,0.2121,332,293,0.1331,110,65,0.6923,516,486,0.0617,122,160,0.2375,47,316,0.8513,296,288,0.0278,0.18862951807228914,4309,4309,5312,3551,0
214,2012-09-30,2135,2701,0.2096,332,293,0.1331,110,65,0.6923,516,490,0.0531,122,161,0.2422,47,316,0.8513,296,290,0.0207,0.18612521150592218,4316,4316,5319,3558,0
215,2012-10-01,2150,2701,0.204,331,293,0.1297,110,65,0.6923,516,494,0.0445,122,161,0.2422,47,316,0.8513,296,291,0.0172,0.1820060105184072,4321,4321,5324,3572,0
216,2012-10-02,2162,2701,0.1996,331,293,0.1297,110,65,0.6923,516,498,0.0361,122,161,0.2422,47,316,0.8513,296,292,0.0137,0.17864514918371177,4326,4326,5329,3584,0
217,2012-10-03,2166,2701,0.1981,331,293,0.1297,110,65,0.6923,516,502,0.0279,122,162,0.2469,47,316,0.8513,296,293,0.0102,0.17694470477975632,4332,4332,5335,3588,0
218,2012-10-04,2180,2701,0.1929,331,294,0.1259,110,65,0.6923,516,506,0.0198,122,162,0.2469,48,316,0.8481,296,295,0.0034,0.17259453388244103,4339,4339,5342,3603,0
219,2012-10-05,2194,2701,0.1877,330,294,0.1224,110,65,0.6923,516,510,0.0118,122,162,0.2469,48,316,0.8481,296,296,0.0,0.16869272489246306,4344,4344,5347,3616,0
220,2012-10-06,2205,2701,0.1836,330,295,0.1186,110,66,0.6667,516,514,0.0039,122,162,0.2469,48,316,0.8481,296,297,0.0034,0.1654837504669406,4351,4351,5354,3627,0
221,2012-10-07,2216,2701,0.1796,330,295,0.1186,109,66,0.6515,516,518,0.0039,122,163,0.2515,48,316,0.8481,296,298,0.0067,0.16343283582089552,4357,4357,5360,3637,0
222,2012-10-08,2221,2701,0.1777,329,296,0.1115,109,66,0.6515,516,522,0.0115,122,163,0.2515,48,316,0.8481,296,300,0.0133,0.16303335196571642,4364,4364,5367,3641,0
223,2012-10-09,2226,2701,0.1759,329,296,0.1115,109,66,0.6515,516,526,0.019,122,163,0.2515,48,316,0.8481,296,301,0.0166,0.16288160833953835,4369,4369,5372,3646,0
224,2012-10-10,2236,2701,0.1722,329,297,0.1077,109,66,0.6515,516,530,0.0264,122,163,0.2515,48,316,0.8481,296,302,0.0199,0.16158423205652658,4375,4375,5378,3656,0
225,2012-10-11,2239,2701,0.171,329,297,0.1077,109,67,0.6269,516,534,0.0337,122,164,0.2561,48,316,0.8481,296,303,0.0231,0.1617455896007428,4382,4382,5385,3659,0
226,2012-10-12,2255,2701,0.1651,328,298,0.1007,109,67,0.6269,515,538,0.0428,122,164,0.2561,49,316,0.8449,296,305,0.0295,0.1593100890207715,4389,4389,5392,3674,0
227,2012-10-13,2264,2701,0.1618,328,298,0.1007,108,67,0.6119,514,539,0.0464,122,164,0.2561,50,316,0.8418,296,305,0.0295,0.15761171889486372,4390,4390,5393,3682,0
228,2012-10-14,2271,2701,0.1592,328,299,0.097,108,67,0.6119,514,540,0.0481,122,165,0.2606,51,316,0.8386,295,305,0.0328,0.156412157153447,4393,4393,5396,3689,0
229,2012-10-15,2283,2701,0.1548,327,299,0.0936,108,67,0.6119,514,541,0.0499,122,166,0.2651,51,316,0.8386,295,306,0.0359,0.15447305056491942,4396,4396,5399,3700,0
230,2012-10-16,2292,2701,0.1514,326,300,0.0867,107,68,0.5735,514,543,0.0534,122,166,0.2651,51,316,0.8386,295,306,0.0359,0.15232278363871923,4400,4400,5403,3707,0
231,2012-10-17,2299,2701,0.1488,329,302,0.0894,107,68,0.5735,513,544,0.057,122,167,0.2695,52,316,0.8354,295,307,0.0391,0.15162721893491124,4405,4405,5408,3717,0
232,2012-10-18,2305,2701,0.1466,335,303,0.1056,107,68,0.5735,512,545,0.0606,122,168,0.2738,52,316,0.8354,295,307,0.0391,0.15191277028275735,4408,4408,5411,3728,0
233,2012-10-19,2316,2701,0.1425,335,305,0.0984,107,68,0.5735,512,546,0.0623,122,168,0.2738,52,316,0.8354,295,307,0.0391,0.14961211673439231,4411,4411,5414,3739,0
234,2012-10-20,2324,2701,0.1396,335,307,0.0912,107,68,0.5735,511,547,0.0658,123,169,0.2722,54,316,0.8291,294,308,0.0455,0.14799778556929322,4416,4416,5419,3748,0
235,2012-10-21,2330,2701,0.1374,335,308,0.0877,107,68,0.5735,511,548,0.0675,123,169,0.2722,55,316,0.8259,296,308,0.039,0.14628297362110312,4418,4418,5421,3757,0
236,2012-10-22,2343,2701,0.1325,334,310,0.0774,107,68,0.5735,511,549,0.0692,123,170,0.2765,55,316,0.8259,300,309,0.0291,0.14301511242167342,4423,4423,5426,3773,0
237,2012-10-23,2352,2701,0.1292,334,312,0.0705,107,68,0.5735,511,551,0.0726,123,171,0.2807,55,316,0.8259,300,309,0.0291,0.1414104216534708,4428,4428,5431,3782,0
238,2012-10-24,2360,2701,0.1262,334,313,0.0671,107,68,0.5735,510,552,0.0761,123,171,0.2807,56,316,0.8228,299,309,0.0324,0.14006994294128475,4430,4430,5433,3789,0
239,2012-10-25,2367,2701,0.1237,334,313,0.0671,107,69,0.5507,509,552,0.0779,123,171,0.2807,57,316,0.8196,298,309,0.0356,0.13875598086124402,4431,4431,5434,3795,0
240,2012-10-26,2371,2701,0.1222,332,313,0.0607,107,69,0.5507,509,552,0.0779,123,171,0.2807,57,316,0.8196,298,309,0.0356,0.13765182186234817,4431,4431,5434,3797,0
241,2012-10-27,2378,2701,0.1196,332,313,0.0607,107,70,0.5286,509,552,0.0779,123,171,0.2807,57,316,0.8196,298,309,0.0356,0.13615455381784727,4432,4432,5435,3804,0
242,2012-10-28,2389,2701,0.1155,332,313,0.0607,106,70,0.5143,509,552,0.0779,123,171,0.2807,57,316,0.8196,296,309,0.0421,0.1343146274149034,4432,4432,5435,3812,0
243,2012-10-29,2403,2701,0.1103,332,313,0.0607,105,71,0.4789,511,552,0.0743,123,171,0.2807,58,317,0.817,296,309,0.0421,0.13095457053522164,4434,4434,5437,3828,0
244,2012-10-30,2411,2701,0.1074,331,313,0.0575,105,72,0.4583,509,552,0.0779,123,171,0.2807,59,317,0.8139,296,309,0.0421,0.12927546892239794,4435,4435,5438,3834,0
245,2012-10-31,2412,2701,0.107,331,313,0.0575,105,72,0.4583,509,552,0.0779,123,171,0.2807,59,317,0.8139,296,309,0.0421,0.1290915777859507,4435,4435,5438,3835,0
246,2012-11-01,2414,2701,0.1063,331,313,0.0575,105,73,0.4384,509,552,0.0779,123,171,0.2807,60,317,0.8107,295,309,0.0453,0.12851627137341423,4436,4436,5439,3837,0
247,2012-11-02,2423,2701,0.1029,331,313,0.0575,105,73,0.4384,509,552,0.0779,123,171,0.2807,60,317,0.8107,295,309,0.0453,0.126861555432984,4436,4436,5439,3846,0
248,2012-11-03,2427,2701,0.1014,330,313,0.0543,105,74,0.4189,509,552,0.0779,123,171,0.2807,60,317,0.8107,295,309,0.0453,0.12573529411764706,4437,4437,5440,3849,0
249,2012-11-04,2435,2701,0.0985,330,314,0.051,105,74,0.4189,508,552,0.0797,123,171,0.2807,62,318,0.805,294,309,0.0485,0.12421903711870635,4439,4439,5442,3857,0
250,2012-11-05,2449,2701,0.0933,330,314,0.051,104,75,0.3867,514,552,0.0688,123,171,0.2807,63,318,0.8019,296,309,0.0421,0.11960316002204667,4440,4440,5443,3879,0
251,2012-11-06,2449,2701,0.0933,330,314,0.051,104,75,0.3867,512,552,0.0725,123,171,0.2807,64,318,0.7987,296,309,0.0421,0.1197868822340621,4440,4440,5443,3878,0
252,2012-11-07,2456,2701,0.0907,330,314,0.051,104,76,0.3684,511,552,0.0743,123,171,0.2807,64,318,0.7987,296,309,0.0421,0.11847905951506245,4441,4441,5444,3884,0
253,2012-11-08,2465,2701,0.0874,330,314,0.051,104,76,0.3684,511,552,0.0743,123,171,0.2807,64,318,0.7987,296,309,0.0421,0.11682586333578251,4441,4441,5444,3893,0
254,2012-11-09,2478,2701,0.0826,330,314,0.051,104,77,0.3506,510,552,0.0761,122,171,0.2865,66,318,0.7925,296,309,0.0421,0.11423324150596878,4442,4442,5445,3906,0
255,2012-11-10,2478,2701,0.0826,330,314,0.051,104,77,0.3506,509,552,0.0779,122,171,0.2865,66,318,0.7925,296,309,0.0421,0.11441689623507806,4442,4442,5445,3905,0
256,2012-11-11,2486,2701,0.0796,330,314,0.051,104,78,0.3333,509,552,0.0779,122,171,0.2865,66,319,0.7931,296,309,0.0421,0.11290618689186709,4444,4444,5447,3913,0
257,2012-11-12,2496,2701,0.0759,330,314,0.051,104,78,0.3333,509,552,0.0779,122,171,0.2865,66,319,0.7931,296,309,0.0421,0.11107031393427574,4444,4444,5447,3923,0
258,2012-11-13,2499,2701,0.0748,330,314,0.051,104,79,0.3165,509,552,0.0779,122,171,0.2865,66,319,0.7931,296,309,0.0421,0.11031571218795888,4445,4445,5448,3926,0
259,2012-11-14,2507,2701,0.0718,330,314,0.051,104,79,0.3165,507,552,0.0815,122,171,0.2865,68,319,0.7868,296,309,0.0421,0.10884728340675477,4445,4445,5448,3934,0
260,2012-11-15,2510,2701,0.0707,330,314,0.051,104,80,0.3,515,552,0.067,121,171,0.2924,68,319,0.7868,296,309,0.0421,0.1068085887318774,4446,4446,5449,3944,0
261,2012-11-16,2514,2701,0.0692,329,315,0.0444,104,80,0.3,515,552,0.067,121,171,0.2924,68,319,0.7868,296,309,0.0421,0.10568807339449542,4447,4447,5450,3947,0
262,2012-11-17,2516,2701,0.0685,329,315,0.0444,104,81,0.284,513,552,0.0707,124,171,0.2749,69,319,0.7837,296,309,0.0421,0.10475142175747569,4448,4448,5451,3951,0
263,2012-11-18,2524,2701,0.0655,329,315,0.0444,104,81,0.284,512,552,0.0725,124,171,0.2749,71,320,0.7781,295,309,0.0453,0.10344827586206896,4449,4449,5452,3959,0
264,2012-11-19,2527,2701,0.0644,328,316,0.038,104,83,0.253,511,552,0.0743,124,171,0.2749,71,320,0.7781,295,309,0.0453,0.10229147571035747,4452,4452,5455,3960,0
265,2012-11-20,2536,2701,0.0611,327,317,0.0315,104,84,0.2381,511,552,0.0743,124,171,0.2749,71,320,0.7781,295,309,0.0453,0.1000549752611325,4454,4454,5457,3968,0
266,2012-11-21,2540,2701,0.0596,327,318,0.0283,104,85,0.2235,510,552,0.0761,124,171,0.2749,71,320,0.7781,295,309,0.0453,0.09910239970690603,4456,4456,5459,3971,0
267,2012-11-22,2540,2701,0.0596,329,319,0.0313,104,86,0.2093,509,552,0.0779,124,171,0.2749,72,320,0.775,295,309,0.0453,0.0990661051089544,4458,4458,5461,3973,0
268,2012-11-23,2550,2701,0.0559,331,320,0.0344,103,87,0.1839,508,552,0.0797,124,171,0.2749,73,320,0.7719,295,309,0.0453,0.09701629141497346,4460,4460,5463,3984,0
269,2012-11-24,2555,2701,0.0541,331,321,0.0312,103,89,0.1573,510,552,0.0761,124,171,0.2749,74,321,0.7695,294,309,0.0485,0.09529906713005304,4464,4464,5467,3991,0
270,2012-11-25,2563,2701,0.0511,330,322,0.0248,103,90,0.1444,509,552,0.0779,124,171,0.2749,75,321,0.7664,294,309,0.0485,0.09325287986834888,4466,4466,5469,3998,0
271,2012-11-26,2568,2701,0.0492,329,323,0.0186,103,90,0.1444,509,552,0.0779,124,171,0.2749,75,321,0.7664,294,309,0.0485,0.09195612431444242,4467,4467,5470,4002,0
272,2012-11-27,2575,2701,0.0466,329,323,0.0186,103,90,0.1444,509,552,0.0779,124,171,0.2749,75,321,0.7664,294,309,0.0485,0.0906764168190128,4467,4467,5470,4009,0
273,2012-11-28,2592,2701,0.0404,328,324,0.0123,103,90,0.1444,508,552,0.0797,124,171,0.2749,76,321,0.7632,294,309,0.0485,0.08718698592579054,4468,4468,5471,4025,0
274,2012-11-29,2594,2701,0.0396,328,325,0.0092,103,90,0.1444,516,552,0.0652,124,171,0.2749,76,321,0.7632,294,309,0.0485,0.0851608187134503,4469,4469,5472,4035,0
275,2012-11-30,2599,2701,0.0378,328,326,0.0061,103,90,0.1444,516,552,0.0652,124,171,0.2749,76,321,0.7632,294,309,0.0485,0.08404896765941897,4470,4470,5473,4040,0
276,2012-12-01,2600,2701,0.0374,328,327,0.0031,103,90,0.1444,516,552,0.0652,124,171,0.2749,76,322,0.764,294,309,0.0485,0.08383561643835616,4472,4472,5475,4041,0
277,2012-12-02,2599,2701,0.0378,328,328,0.0,103,90,0.1444,516,552,0.0652,124,171,0.2749,76,322,0.764,294,309,0.0485,0.08382030679327977,4473,4473,5476,4040,0
278,2012-12-03,2598,2701,0.0381,328,329,0.003,103,90,0.1444,513,552,0.0707,124,171,0.2749,78,322,0.7578,300,309,0.0291,0.0832572576227862,4474,4474,5477,4044,0
279,2012-12-04,2595,2701,0.0392,327,330,0.0091,103,90,0.1444,512,552,0.0725,124,171,0.2749,78,322,0.7578,300,309,0.0291,0.08433734939759036,4475,4475,5478,4039,0
280,2012-12-05,2596,2701,0.0389,329,331,0.006,103,90,0.1444,511,552,0.0743,124,171,0.2749,79,322,0.7547,299,309,0.0324,0.08413944150392408,4476,4476,5479,4041,0
281,2012-12-06,2596,2701,0.0389,331,332,0.003,103,90,0.1444,511,552,0.0743,124,171,0.2749,79,322,0.7547,299,309,0.0324,0.08394160583941605,4477,4477,5480,4043,0
282,2012-12-07,2598,2701,0.0381,331,333,0.006,103,90,0.1444,510,552,0.0761,123,171,0.2807,81,322,0.7484,299,309,0.0324,0.08374384236453201,4478,4478,5481,4045,0
283,2012-12-08,2599,2701,0.0378,330,334,0.012,103,90,0.1444,510,552,0.0761,123,171,0.2807,82,323,0.7461,298,309,0.0356,0.08407805945650192,4480,4480,5483,4045,0
284,2012-12-09,2601,2701,0.037,330,335,0.0149,103,90,0.1444,510,552,0.0761,123,171,0.2807,82,323,0.7461,298,309,0.0356,0.08388037928519329,4481,4481,5484,4047,0
285,2012-12-10,2604,2701,0.0359,330,336,0.0179,103,90,0.1444,510,552,0.0761,123,171,0.2807,82,323,0.7461,297,309,0.0388,0.08368277119416591,4482,4482,5485,4049,0
286,2012-12-11,2605,2701,0.0355,330,337,0.0208,103,90,0.1444,510,552,0.0761,123,171,0.2807,82,323,0.7461,297,309,0.0388,0.08366751731680641,4483,4483,5486,4050,0
287,2012-12-12,2608,2701,0.0344,330,338,0.0237,102,90,0.1333,509,552,0.0779,123,171,0.2807,83,323,0.743,297,309,0.0388,0.08310552214324768,4484,4484,5487,4052,0
288,2012-12-13,2609,2701,0.0341,330,339,0.0265,102,90,0.1333,509,552,0.0779,123,171,0.2807,83,323,0.743,297,309,0.0388,0.08309037900874636,4485,4485,5488,4053,0
289,2012-12-14,2610,2701,0.0337,330,340,0.0294,102,90,0.1333,509,552,0.0779,123,171,0.2807,83,324,0.7438,296,309,0.0421,0.08342440801457195,4487,4487,5490,4053,0
290,2012-12-15,2613,2701,0.0326,330,341,0.0323,102,90,0.1333,511,552,0.0743,123,171,0.2807,83,324,0.7438,295,309,0.0453,0.08286286650883264,4488,4488,5491,4057,0
291,2012-12-16,2613,2701,0.0326,330,342,0.0351,102,90,0.1333,510,552,0.0761,123,171,0.2807,84,324,0.7407,295,309,0.0453,0.08302986161689731,4489,4489,5492,4057,0
292,2012-12-17,2614,2701,0.0322,330,342,0.0351,101,90,0.1222,509,552,0.0779,123,171,0.2807,85,324,0.7377,295,309,0.0453,0.08266569555717407,4489,4489,5492,4057,0
293,2012-12-18,2614,2701,0.0322,330,342,0.0351,101,91,0.1099,509,552,0.0779,123,171,0.2807,85,324,0.7377,294,309,0.0485,0.08265064627707992,4490,4490,5493,4056,0
294,2012-12-19,2615,2701,0.0318,330,343,0.0379,101,91,0.1099,509,552,0.0779,123,171,0.2807,85,324,0.7377,294,309,0.0485,0.08263560247542774,4491,4491,5494,4057,0
295,2012-12-20,2616,2701,0.0315,330,343,0.0379,101,92,0.0978,509,552,0.0779,123,171,0.2807,85,324,0.7377,294,309,0.0485,0.08225659690627843,4492,4492,5495,4058,0
296,2012-12-21,2616,2701,0.0315,330,343,0.0379,101,92,0.0978,509,552,0.0779,123,171,0.2807,86,325,0.7354,294,309,0.0485,0.08224163027656478,4493,4493,5496,4059,0
297,2012-12-22,2618,2701,0.0307,330,343,0.0379,101,92,0.0978,509,552,0.0779,123,171,0.2807,86,325,0.7354,294,309,0.0485,0.08187772925764192,4493,4493,5496,4061,0
298,2012-12-23,2618,2701,0.0307,330,343,0.0379,101,93,0.086,508,552,0.0797,123,171,0.2807,87,325,0.7323,294,309,0.0485,0.08168091686374386,4494,4494,5497,4061,0
299,2012-12-24,2615,2701,0.0318,330,344,0.0407,101,93,0.086,511,553,0.0759,123,171,0.2807,88,325,0.7292,295,309,0.0453,0.08165120931078378,4496,4496,5499,4063,0
